nameKey/|\ name
lumi/|\ Lumi
Ofelia/|\ Ofelia
Bob/|\ Bob
Miku/|\ Miku
Lacey/|\ Lacey
???/|\ ???
Dark Lumi/|\ Virus
Gold Lumi/|\ Super Lumi
Kratkyneo/|\ Kratkyneo
GoustYTC/|\ SC_AL_RU_INF_GM.skd
Coreteam/|\ CoreTeam
Зачем залез сюда?